PC4CODE,density
1011,210
1012,415
1013,320
1014,35
1015,210
1016,195
1017,280
1018,385
1019,265
1021,140
1022,50
1023,40
1024,275
1025,280
1026,0
1027,5
1028,5
1031,135
1032,70
1033,195
1034,235
1035,140
1036,15
1037,0
1041,0
1042,0
1043,0
1045,15
1046,5
1047,0
1051,190
1052,185
1053,315
1054,320
1055,460
1056,380
1057,380
1058,330
1059,160
1060,155
1061,190
1062,290
1063,360
1064,305
1065,420
1066,345
1067,615
1068,520
1069,750
1071,215
1072,265
1073,220
1074,130
1075,210
1076,175
1077,170
1078,240
1079,230
1081,175
1082,295
1083,220
1086,45
1087,280
1091,245
1092,130
1093,125
1094,185
1095,190
1096,65
1097,225
1098,295
1101,5
1102,495
1103,300
1104,215
1105,0
1106,265
1107,210
1108,105
1109,10
1111,260
1112,275
1113,55
1114,15
1115,70
1117,0
1118,5
1119,0
1121,70
1127,10
1131,40
1132,30
1135,40
1141,65
1145,0
1151,10
1153,0
1154,0
1156,0
1161,155
1165,60
1171,255
1175,20
1181,455
1182,55
1183,300
1184,10
1185,220
1186,305
1187,325
1188,95
1189,5
1191,70
1211,355
1212,55
1213,65
1214,130
1215,155
1216,90
1217,100
1218,50
1221,310
1222,195
1223,130
1231,60
1241,65
1243,10
1244,10
1251,90
1252,0
1261,40
1271,60
1272,40
1273,100
1274,65
1275,5
1276,45
1277,10
1309,0
1311,80
1312,95
1313,85
1314,90
1315,35
1316,35
1317,70
1318,110
1319,80
1321,105
1323,75
1324,165
1325,125
1326,145
1327,0
1328,170
1329,0
1331,10
1332,0
1333,190
1334,45
1335,235
1336,110
1338,125
1339,240
1341,10
1343,10
1349,0
1351,10
1352,20
1353,35
1354,40
1355,10
1356,45
1357,60
1358,5
1359,30
1361,0
1363,110
1381,40
1382,145
1383,35
1384,0
1391,30
1393,5
1394,50
1396,15
1398,30
1399,10
1401,55
1402,75
1403,115
1404,75
1405,15
1406,20
1411,85
1412,85
1421,250
1422,450
1423,75
1424,135
1426,25
1427,25
1428,0
1431,515
1432,335
1433,285
1435,130
1436,30
1437,25
1438,10
1441,120
1442,85
1443,85
1444,65
1445,95
1446,45
1447,65
1448,105
1451,0
1452,25
1454,0
1456,0
1458,0
1461,5
1462,25
1463,5
1464,0
1471,10
1472,0
1473,30
1474,10
1475,5
1476,5
1477,0
1481,5
1482,5
1483,15
1484,0
1485,5
1486,5
1487,0
1488,0
1489,0
1501,240
1502,225
1503,235
1504,235
1505,150
1506,380
1507,165
1508,110
1509,60
1511,65
1521,230
1525,10
1531,120
1534,5
1536,0
1541,130
1544,85
1546,0
1551,20
1561,80
1562,95
1566,80
1567,90
1601,135
1602,370
1606,140
1607,75
1608,25
1609,0
1611,225
1613,225
1614,90
1616,170
1617,25
1619,245
1621,85
1622,255
1623,10
1624,50
1625,110
1627,0
1628,425
1631,0
1633,25
1634,5
1636,5
1641,20
1642,0
1643,5
1645,20
1646,0
1647,40
1648,50
1652,0
1654,15
1655,30
1657,35
1658,5
1661,15
1662,0
1663,0
1671,330
1674,95
1676,30
1678,5
1679,65
1681,20
1682,5
1683,10
1684,20
1685,5
1686,0
1687,45
1688,60
1689,365
1691,15
1692,0
1693,195
1695,25
1696,30
1697,15
1701,80
1702,70
1703,200
1704,110
1705,185
1706,0
1711,30
1713,50
1715,45
1716,35
1718,55
1719,10
1721,35
1722,35
1723,35
1724,60
1731,75
1732,20
1733,55
1734,5
1735,25
1736,0
1738,40
1741,80
1742,30
1744,40
1746,35
1747,70
1749,90
1751,30
1752,10
1753,10
1754,10
1755,35
1756,40
1757,25
1759,25
1761,40
1764,50
1766,75
1767,0
1768,5
1769,0
1771,175
1773,50
1774,100
1775,160
1777,40
1778,20
1779,65
1781,150
1782,90
1783,20
1784,45
1785,30
1786,5
1787,15
1788,75
1789,0
1791,60
1792,10
1793,0
1794,5
1795,25
1796,15
1797,5
1811,95
1812,5
1813,90
1814,45
1815,110
1816,105
1817,45
1821,25
1822,60
1823,95
1824,105
1825,95
1826,100
1827,115
1829,10
1831,25
1832,0
1834,15
1841,65
1842,0
1843,0
1844,0
1846,5
1847,0
1851,75
1852,50
1853,10
1861,25
1862,30
1865,5
1871,30
1873,5
1901,70
1902,45
1906,40
1911,105
1921,25
1931,30
1934,35
1935,10
1941,150
1942,40
1943,130
1944,260
1945,185
1946,150
1947,130
1948,70
1949,105
1951,285
1961,0
1962,100
1963,35
1964,50
1965,45
1966,85
1967,60
1968,5
1969,15
1971,155
1972,260
1973,135
1974,105
1975,85
1976,15
1981,15
1985,15
1991,80
1992,10
2011,280
2012,155
2013,155
2014,70
2015,50
2019,5
2021,400
2022,185
2023,150
2024,95
2025,165
2026,70
2031,30
2032,235
2033,200
2034,295
2035,185
2036,140
2037,105
2041,155
2042,200
2051,30
2061,55
2063,5
2064,20
2065,0
2071,35
2082,15
2101,75
2102,45
2103,25
2104,20
2105,25
2106,30
2111,30
2114,15
2116,5
2121,40
2131,185
2132,240
2133,125
2134,415
2135,180
2136,55
2141,55
2142,20
2143,25
2144,25
2151,270
2152,280
2153,80
2154,10
2155,0
2156,0
2157,25
2158,15
2159,20
2161,305
2162,115
2163,45
2165,40
2171,175
2172,85
2181,325
2182,385
2191,50
2201,275
2202,325
2203,95
2204,35
2211,605
2212,0
2215,230
2221,175
2222,0
2223,85
2224,95
2225,140
2231,220
2235,60
2241,140
2242,155
2243,25
2244,20
2245,30
2251,130
2252,45
2253,75
2254,5
2261,75
2262,45
2263,70
2264,95
2265,65
2266,40
2267,0
2271,60
2272,145
2273,165
2274,295
2275,80
2281,100
2282,290
2283,160
2284,95
2285,125
2286,85
2287,55
2288,25
2289,15
2291,610
2292,40
2295,130
2311,150
2312,310
2313,150
2314,75
2315,155
2316,165
2317,155
2318,60
2321,130
2322,5
2323,0
2324,160
2331,75
2332,155
2333,10
2334,45
2341,135
2342,15
2343,95
2351,50
2352,100
2353,220
2355,20
2361,50
2362,0
2371,100
2374,10
2375,10
2376,15
2377,65
2381,45
2382,40
2391,40
2394,115
2396,50
2401,145
2402,265
2403,175
2404,145
2405,110
2406,175
2407,10
2408,135
2409,0
2411,255
2412,0
2415,15
2421,120
2431,0
2432,5
2435,40
2441,70
2445,5
2451,125
2461,135
2465,15
2471,35
2481,55
2491,0
2492,130
2493,110
2495,0
2496,200
2497,195
2498,65
2511,120
2512,640
2513,235
2514,80
2515,445
2516,540
2517,250
2518,270
2521,540
2522,2330
2523,1000
2524,665
2525,750
2526,300
2531,740
2532,260
2533,355
2541,575
2542,640
2543,400
2544,600
2545,390
2546,350
2547,310
2548,270
2551,330
2552,430
2553,150
2554,15
2555,170
2561,310
2562,960
2563,600
2564,200
2565,255
2566,65
2571,865
2572,1020
2573,1490
2574,755
2581,50
2582,185
2583,210
2584,170
2585,115
2586,190
2587,195
2591,195
2592,195
2593,270
2594,45
2595,275
2596,135
2597,180
2611,200
2612,185
2613,245
2614,195
2616,5
2622,135
2623,90
2624,235
2625,240
2626,0
2627,20
2628,215
2629,10
2631,135
2632,45
2635,75
2636,35
2641,115
2642,75
2643,35
2645,80
2651,175
2652,90
2661,115
2662,35
2665,160
2671,485
2672,55
2673,15
2675,445
2676,370
2678,475
2681,600
2684,25
2685,250
2691,755
2692,25
2693,10
2694,30
2711,35
2712,50
2713,95
2715,75
2716,105
2717,105
2718,65
2719,95
2721,85
2722,100
2723,55
2724,105
2725,40
2726,100
2727,50
2728,80
2729,150
2731,40
2735,0
2741,270
2742,115
2743,95
2751,45
2752,15
2761,95
2771,485
2801,105
2802,215
2803,55
2804,150
2805,135
2806,240
2807,100
2808,15
2809,0
2811,90
2821,15
2825,5
2831,15
2841,50
2851,5
2855,15
2861,65
2865,15
2871,80
2872,0
2901,60
2902,85
2903,115
2904,105
2905,155
2906,50
2907,305
2908,45
2909,20
2911,25
2912,20
2913,5
2914,80
2921,5
2922,30
2923,55
2924,25
2925,45
2926,10
2931,35
2935,15
2941,100
2951,40
2952,0
2953,40
2954,5
2957,50
2959,5
2961,5
2964,40
2965,0
2967,15
2968,0
2969,10
2971,10
2973,0
2974,10
2975,5
2977,0
2981,30
2982,60
2983,30
2984,10
2985,25
2986,45
2987,80
2988,10
2989,0
2991,65
2992,95
2993,130
2994,35
2995,10
3011,345
3012,105
3013,35
3014,130
3015,30
3016,35
3021,275
3022,250
3023,225
3024,210
3025,195
3026,310
3027,210
3028,920
3029,60
3031,120
3032,120
3033,65
3034,125
3035,140
3036,95
3037,150
3038,185
3039,135
3041,0
3042,75
3043,180
3044,0
3045,15
3046,0
3047,0
3051,115
3052,50
3053,100
3054,55
3055,80
3056,25
3059,115
3061,240
3062,175
3063,265
3064,20
3065,70
3066,105
3067,280
3068,260
3069,185
3071,220
3072,210
3073,735
3074,535
3075,255
3076,325
3077,340
3078,210
3079,315
3081,1465
3082,965
3083,1710
3084,25
3085,265
3086,355
3087,20
3088,0
3089,35
3111,175
3112,1195
3113,0
3114,205
3115,0
3116,65
3117,635
3118,125
3119,240
3121,35
3122,175
3123,60
3124,40
3125,10
3131,530
3132,760
3133,10
3134,110
3135,240
3136,180
3137,115
3138,0
3141,165
3142,90
3143,100
3144,90
3145,135
3146,90
3147,0
3151,205
3155,50
3161,55
3162,25
3171,15
3172,0
3176,15
3181,195
3191,90
3192,150
3193,80
3194,160
3195,95
3197,0
3198,0
3201,145
3202,160
3203,20
3204,55
3205,100
3206,160
3207,90
3208,40
3209,0
3211,10
3212,5
3214,15
3216,0
3218,15
3221,60
3222,45
3223,75
3224,75
3225,115
3227,15
3231,35
3232,130
3233,50
3234,25
3235,35
3237,35
3238,15
3241,25
3243,5
3244,5
3245,60
3247,30
3248,20
3249,20
3251,30
3252,10
3253,10
3255,45
3256,15
3257,55
3258,15
3261,70
3262,45
3263,35
3264,5
3265,5
3267,15
3271,30
3273,15
3274,20
3281,30
3284,10
3286,20
3291,45
3292,0
3293,0
3295,45
3297,20
3299,5
3311,200
3312,345
3313,235
3314,740
3315,180
3316,15
3317,700
3318,50
3319,45
3328,195
3329,0
3331,90
3332,30
3333,95
3334,30
3335,35
3336,0
3341,15
3342,35
3343,35
3344,55
3351,95
3352,20
3353,60
3354,25
3355,25
3356,40
3361,75
3362,85
3363,30
3364,5
3366,0
3371,85
3372,20
3373,5
3381,15
3401,85
3402,85
3403,20
3404,85
3405,30
3411,60
3412,5
3413,0
3415,15
3417,115
3421,100
3425,0
3431,180
3432,130
3433,20
3434,100
3435,70
3436,85
3437,160
3438,80
3439,5
3441,35
3442,25
3443,70
3444,0
3445,40
3446,60
3447,0
3448,60
3449,0
3451,105
3452,120
3453,110
3454,135
3455,0
3461,20
3464,10
3465,10
3466,10
3467,10
3471,10
3474,35
3481,60
3511,90
3512,100
3513,65
3514,80
3515,50
3521,70
3522,60
3523,70
3524,100
3525,35
3526,305
3527,255
3528,5
3531,180
3532,115
3533,70
3534,0
3541,15
3542,0
3543,145
3544,255
3545,0
3546,0
3551,125
3552,95
3553,130
3554,65
3555,105
3561,200
3562,170
3563,105
3564,230
3565,0
3566,0
3571,65
3572,110
3573,30
3581,90
3582,80
3583,50
3584,120
3585,0
3601,40
3602,10
3603,30
3604,15
3605,110
3606,0
3607,215
3608,25
3611,0
3612,10
3615,10
3621,60
3625,10
3626,5
3628,25
3631,5
3632,35
3633,5
3634,5
3641,200
3642,30
3643,15
3645,120
3646,15
3648,60
3651,0
3652,10
3653,0
3701,75
3702,20
3703,25
3704,70
3705,120
3706,85
3707,50
3708,55
3709,5
3711,15
3712,25
3721,75
3722,25
3723,75
3731,35
3732,50
3734,25
3735,20
3737,10
3738,15
3739,10
3741,55
3742,75
3743,60
3744,0
3749,5
3751,240
3752,240
3754,5
3755,30
3761,20
3762,65
3763,15
3764,60
3765,40
3766,30
3768,35
3769,60
3771,35
3772,60
3773,15
3774,25
3775,0
3776,10
3781,55
3784,20
3785,5
3791,15
3792,0
3794,5
3811,60
3812,110
3813,120
3814,50
3815,65
3816,100
3817,60
3818,80
3819,0
3821,0
3822,55
3823,90
3824,120
3825,125
3826,65
3828,50
3829,15
3831,55
3832,20
3833,40
3834,5
3835,0
3836,0
3841,65
3842,80
3843,75
3844,90
3845,70
3846,10
3847,10
3848,35
3849,90
3851,80
3852,55
3853,65
3861,245
3862,150
3863,110
3864,40
3871,55
3881,280
3882,135
3886,15
3888,25
3891,100
3892,105
3893,105
3894,65
3896,30
3897,700
3898,15
3899,5
3901,90
3902,50
3903,55
3904,80
3905,110
3906,15
3907,10
3911,75
3912,0
3921,30
3922,0
3925,110
3927,60
3931,80
3941,90
3945,10
3947,0
3951,40
3953,10
3956,70
3958,20
3959,10
3961,35
3962,45
3971,95
3972,65
3981,30
3984,40
3985,40
3989,0
3991,100
3992,35
3993,40
3994,65
3995,15
3997,0
3998,10
3999,5
4001,260
4002,20
4003,95
4004,5
4005,110
4006,40
4007,115
4011,5
4012,5
4013,5
4014,15
4016,0
4017,0
4021,85
4023,5
4024,15
4031,65
4032,25
4033,45
4041,60
4043,85
4051,50
4053,10
4054,0
4061,25
4062,0
4063,0
4064,5
4101,90
4102,90
4103,15
4104,0
4105,75
4106,0
4107,25
4111,0
4112,20
4115,5
4116,15
4117,0
4119,5
4121,0
4122,5
4124,15
4126,5
4128,0
4131,55
4132,30
4133,40
4141,70
4142,105
4143,60
4145,5
4147,25
4151,0
4152,5
4153,20
4155,0
4156,5
4157,0
4158,0
4161,30
4163,5
4171,15
4174,15
4175,50
4176,20
4181,35
4182,5
4184,15
4185,15
4191,110
4194,40
4196,10
4197,10
4201,75
4202,5
4203,0
4204,100
4205,115
4206,10
4207,70
4208,5
4209,30
4211,5
4212,0
4213,5
4214,20
4221,0
4223,10
4225,10
4231,25
4233,5
4235,0
4241,15
4243,0
4245,0
4247,10
4251,80
4254,20
4255,20
4261,105
4264,55
4265,20
4266,0
4267,0
4268,5
4269,0
4271,30
4273,30
4281,35
4283,25
4284,15
4285,25
4286,10
4287,0
4288,0
4301,115
4302,5
4303,0
4305,5
4306,20
4307,35
4308,5
4311,60
4315,10
4316,10
4317,10
4318,15
4321,5
4322,0
4323,0
4325,5
4326,0
4327,0
4328,20
4331,75
4332,40
4333,15
4334,15
4335,40
4336,45
4337,85
4338,0
4339,15
4341,30
4351,5
4352,5
4353,20
4354,5
4356,20
4357,20
4361,35
4363,10
4364,5
4365,10
4371,15
4373,10
4374,15
4381,265
4382,240
4383,95
4384,55
4385,140
4386,45
4387,5
4388,95
4389,5
4401,195
4411,150
4413,50
4414,10
4415,5
4416,125
4417,65
4421,100
4423,5
4424,30
4431,35
4433,5
4434,5
4435,15
4436,20
4437,15
4438,10
4441,20
4443,5
4444,0
4451,85
4453,40
4454,20
4455,5
4456,20
4458,5
4461,155
4462,55
4463,105
4464,10
4465,5
4471,20
4472,5
4474,0
4475,0
4481,15
4482,0
4484,25
4485,5
4486,25
4491,15
4493,35
4494,5
4501,60
4503,15
4504,0
4505,10
4506,15
4507,25
4508,0
4511,30
4513,30
4515,10
4521,15
4522,0
4524,55
4525,5
4527,50
4528,0
4529,5
4531,70
4532,105
4533,0
4535,25
4536,95
4537,105
4538,0
4539,0
4541,65
4542,35
4543,10
4551,140
4553,20
4554,35
4561,110
4562,5
4564,0
4565,5
4566,10
4567,10
4568,10
4569,5
4571,120
4574,5
4575,0
4576,15
4581,15
4583,5
4584,5
4585,20
4586,10
4587,35
4588,0
4589,0
4611,120
4612,5
4613,75
4614,65
4615,105
4616,10
4617,55
4621,180
4622,15
4623,70
4624,120
4625,100
4631,125
4634,20
4635,5
4641,105
4645,65
4651,515
4652,0
4655,5
4661,100
4664,15
4671,85
4675,35
4681,100
4691,45
4693,30
4694,40
4695,95
4696,30
4697,20
4698,30
4701,350
4702,395
4703,305
4704,0
4705,5
4706,120
4707,385
4708,150
4709,20
4711,125
4714,80
4715,60
4721,10
4722,5
4724,45
4725,10
4726,10
4727,5
4731,335
4735,30
4741,80
4744,25
4751,35
4754,20
4756,40
4758,35
4759,10
4761,200
4762,10
4765,30
4766,5
4771,5
4772,5
4781,10
4782,10
4791,130
4793,70
4794,15
4796,10
4797,15
4811,385
4812,270
4813,150
4814,260
4815,65
4816,135
4817,320
4818,130
4819,45
4822,190
4823,110
4824,155
4825,5
4826,230
4827,250
4834,120
4835,75
4836,0
4837,20
4838,20
4839,0
4841,50
4844,60
4845,25
4847,60
4849,30
4851,55
4854,45
4855,15
4856,15
4858,15
4859,0
4861,40
4871,260
4872,190
4873,100
4874,70
4875,30
4876,145
4877,0
4878,0
4879,10
4881,225
4882,50
4884,435
4885,60
4891,310
4901,145
4902,145
4903,10
4904,175
4905,10
4906,55
4907,120
4908,40
4909,10
4911,5
4921,205
4924,5
4926,50
4927,60
4931,60
4941,80
4942,35
4944,15
5011,345
5012,115
5013,45
5014,510
5015,5
5017,55
5018,25
5021,365
5022,265
5025,530
5026,0
5032,25
5035,165
5036,110
5037,215
5038,245
5041,265
5042,475
5043,265
5044,270
5045,385
5046,555
5047,5
5048,0
5049,235
5051,65
5052,15
5053,0
5056,65
5057,10
5059,10
5061,90
5062,40
5063,10
5066,20
5071,40
5074,0
5076,45
5081,50
5084,5
5085,10
5087,30
5089,15
5091,60
5094,20
5095,20
5096,10
5101,70
5102,95
5103,70
5104,95
5105,5
5106,15
5107,0
5109,25
5111,45
5113,15
5114,0
5121,175
5122,50
5124,5
5125,0
5126,60
5131,50
5133,0
5141,275
5142,285
5143,90
5144,230
5145,5
5146,65
5151,180
5152,50
5154,25
5161,195
5165,55
5171,210
5172,35
5175,75
5176,15
5211,130
5212,40
5213,135
5215,40
5216,40
5221,45
5222,20
5223,115
5224,115
5231,160
5232,0
5233,110
5234,0
5235,70
5236,50
5237,85
5241,40
5242,30
5243,10
5244,20
5245,25
5246,55
5247,60
5248,0
5249,10
5251,205
5252,20
5253,35
5254,25
5256,125
5258,55
5261,35
5262,65
5263,35
5264,0
5266,5
5268,45
5271,85
5272,25
5275,40
5281,240
5282,140
5283,150
5291,10
5292,0
5293,0
5294,0
5296,10
5298,30
5301,170
5302,15
5305,70
5306,120
5307,30
5308,25
5311,50
5313,50
5314,45
5315,10
5316,5
5317,15
5318,0
5321,115
5324,115
5325,20
5327,15
5328,80
5331,265
5333,15
5334,55
5335,20
5341,130
5342,120
5343,185
5344,205
5345,175
5346,100
5347,25
5348,350
5349,5
5351,175
5361,95
5363,5
5364,5
5366,20
5367,10
5368,0
5371,45
5373,25
5374,90
5375,25
5381,0
5382,10
5383,0
5384,180
5386,30
5388,130
5391,55
5392,10
5394,10
5395,0
5396,10
5397,80
5398,30
5401,205
5402,80
5403,165
5404,45
5405,5
5406,95
5408,60
5409,35
5411,70
5421,185
5422,30
5423,80
5424,100
5425,15
5427,215
5428,35
5431,200
5432,65
5433,0
5434,5
5435,5
5437,0
5438,5
5439,0
5441,15
5443,10
5445,15
5446,10
5447,25
5449,5
5451,45
5453,10
5454,30
5455,15
5461,115
5462,135
5463,255
5464,165
5465,110
5466,45
5467,170
5469,125
5471,0
5472,15
5473,120
5476,15
5481,130
5482,195
5491,180
5492,95
5501,90
5502,50
5503,95
5504,60
5505,40
5506,25
5507,15
5508,130
5509,50
5511,10
5512,20
5513,0
5521,110
5524,5
5525,5
5527,90
5528,20
5529,5
5531,155
5534,10
5541,90
5551,65
5552,70
5553,15
5554,70
5555,25
5556,15
5561,30
5563,30
5571,115
5575,25
5581,75
5582,45
5583,55
5591,100
5595,25
5611,255
5612,445
5613,180
5614,85
5615,170
5616,245
5617,15
5621,185
5622,255
5623,255
5624,135
5625,165
5626,30
5627,280
5628,160
5629,145
5631,100
5632,270
5633,0
5641,165
5642,245
5643,225
5644,190
5645,95
5646,10
5647,0
5651,65
5652,195
5653,285
5654,495
5655,85
5657,0
5658,215
5661,5
5662,15
5663,40
5664,75
5665,80
5666,50
5667,70
5671,30
5672,40
5673,50
5674,25
5681,20
5682,30
5683,160
5684,205
5685,60
5688,45
5689,0
5691,110
5692,20
5694,50
5701,780
5702,345
5703,265
5704,325
5705,100
5706,190
5707,410
5708,85
5709,690
5711,245
5712,370
5715,40
5721,320
5724,80
5725,150
5731,80
5735,65
5737,25
5738,25
5741,135
5751,160
5752,10
5753,40
5754,70
5756,15
5757,40
5758,20
5759,45
5761,295
5763,30
5764,25
5766,0
5768,205
5801,295
5802,340
5803,160
5804,45
5807,45
5808,105
5809,40
5811,20
5812,5
5813,100
5814,15
5815,5
5816,10
5817,5
5821,30
5823,10
5824,0
5825,30
5826,0
5827,5
5831,90
5835,10
5836,10
5841,10
5843,5
5844,15
5845,35
5846,5
5851,15
5853,5
5854,80
5855,25
5856,20
5861,35
5862,0
5863,40
5864,60
5865,55
5866,10
5871,60
5872,15
5911,265
5912,385
5913,165
5914,175
5915,160
5916,25
5921,145
5922,305
5923,40
5924,225
5925,190
5926,10
5927,15
5928,25
5931,170
5932,240
5935,85
5941,85
5943,25
5944,35
5951,75
5953,105
5954,5
5961,395
5962,30
5963,45
5964,35
5966,80
5971,180
5973,30
5975,145
5976,15
5977,10
5981,140
5984,25
5985,45
5986,5
5987,20
5988,90
5991,120
5993,165
5995,115
6001,145
6002,145
6003,40
6004,110
6005,85
6006,200
6011,10
6012,0
6013,20
6014,25
6015,30
6017,10
6019,10
6021,150
6023,60
6024,35
6026,65
6027,5
6028,10
6029,45
6031,115
6034,10
6035,105
6037,35
6039,135
6041,180
6042,165
6043,305
6044,105
6045,165
6049,40
6051,85
6061,55
6063,50
6065,25
6067,30
6071,100
6074,80
6075,50
6077,25
6081,100
6082,5
6083,25
6085,50
6086,40
6088,40
6089,5
6091,25
6092,10
6093,115
6095,105
6096,25
6097,20
6099,15
6101,135
6102,40
6104,35
6105,15
6107,20
6109,5
6111,0
6112,5
6114,95
6116,25
6118,50
6121,55
6122,15
6123,10
6124,10
6125,10
6127,20
6129,35
6131,45
6132,70
6133,50
6134,35
6135,65
6136,75
6137,110
6141,15
6142,10
6143,5
6151,35
6153,0
6155,30
6161,70
6162,45
6163,140
6164,70
6165,65
6166,45
6167,0
6171,75
6174,5
6176,15
6181,30
6191,60
6199,0
6211,310
6212,45
6213,25
6214,135
6215,85
6216,95
6217,175
6218,65
6219,25
6221,195
6222,80
6223,60
6224,215
6225,60
6226,125
6227,75
6228,105
6229,80
6231,50
6235,10
6237,0
6241,20
6243,20
6245,55
6247,10
6251,0
6252,0
6255,15
6261,5
6262,5
6265,0
6267,20
6268,5
6269,20
6271,15
6273,0
6274,5
6276,0
6277,0
6278,0
6281,5
6285,5
6286,15
6287,15
6289,0
6291,160
6294,20
6295,15
6301,100
6305,15
6307,5
6311,5
6312,0
6321,20
6325,20
6333,15
6336,20
6341,0
6342,0
6343,30
6351,20
6353,0
6361,90
6363,15
6365,10
6367,50
6369,45
6371,75
6372,120
6373,140
6374,160
6411,115
6412,225
6413,270
6414,230
6415,160
6416,70
6417,50
6418,85
6419,20
6421,0
6422,0
6431,205
6432,90
6433,70
6436,20
6438,30
6439,15
6441,115
6442,45
6443,80
6444,120
6445,40
6446,60
6447,15
6451,55
6454,5
6456,0
6461,140
6462,150
6463,85
6464,70
6465,35
6466,155
6467,60
6468,0
6469,20
6471,90
6511,75
6512,40
6515,45
6521,40
6522,20
6523,35
6524,45
6525,120
6531,55
6532,35
6533,45
6534,90
6535,105
6536,40
6537,130
6538,110
6541,40
6542,40
6543,50
6544,60
6545,50
6546,120
6551,10
6561,70
6562,50
6564,0
6566,20
6571,10
6572,0
6573,30
6574,0
6575,0
6576,5
6577,5
6578,10
6579,0
6581,105
6582,10
6584,15
6585,15
6586,5
6587,5
6591,50
6595,5
6596,20
6598,25
6599,15
6601,70
6602,25
6603,25
6604,20
6605,95
6606,0
6611,15
6612,5
6613,0
6615,0
6616,5
6617,0
6621,50
6624,145
6626,30
6627,10
6628,5
6629,10
6631,0
6634,0
6641,50
6642,15
6644,45
6645,10
6651,75
6652,20
6653,20
6654,0
6655,5
6657,25
6658,45
6659,35
6661,95
6662,50
6663,35
6665,20
6666,25
6668,5
6669,30
6671,45
6672,0
6673,10
6674,20
6675,5
6676,0
6677,15
6678,15
6681,55
6684,0
6685,10
6686,5
6687,30
6691,45
6701,40
6702,45
6703,25
6704,0
6705,10
6706,55
6707,55
6708,135
6709,45
6711,65
6712,20
6713,75
6714,105
6715,50
6716,45
6717,105
6718,75
6721,65
6731,20
6732,10
6733,15
6741,85
6744,35
6745,5
6811,60
6812,30
6813,25
6814,35
6815,20
6816,25
6821,70
6822,75
6823,65
6824,55
6825,65
6826,140
6827,5
6828,170
6831,40
6832,60
6833,105
6834,35
6835,50
6836,145
6841,65
6842,15
6843,110
6844,80
6845,60
6846,105
6851,60
6852,80
6861,30
6862,25
6865,55
6866,25
6869,5
6871,40
6874,20
6877,5
6881,45
6882,65
6883,45
6891,5
6901,40
6902,10
6903,35
6904,35
6905,10
6909,20
6911,5
6913,0
6914,0
6915,30
6916,15
6917,15
6921,80
6922,45
6923,10
6924,5
6931,40
6932,45
6941,10
6942,60
6951,75
6952,25
6953,10
6955,5
6956,0
6957,5
6961,45
6964,0
6971,40
6974,0
6975,0
6981,25
6982,15
6983,15
6984,0
6986,0
6987,30
6988,15
6991,90
6994,10
6996,25
6997,5
6998,0
6999,0
7001,25
7002,65
7003,5
7004,20
7005,0
7006,75
7007,50
7008,5
7009,60
7011,15
7021,15
7025,15
7031,20
7035,0
7036,0
7037,10
7038,20
7039,0
7041,70
7044,0
7045,0
7046,0
7047,15
7048,0
7051,20
7054,0
7055,0
7061,20
7064,35
7065,10
7071,45
7075,0
7076,0
7077,0
7078,0
7081,25
7083,0
7084,0
7091,55
7095,0
7101,85
7102,20
7103,40
7104,0
7105,5
7106,0
7107,5
7108,0
7109,0
7113,5
7115,0
7119,0
7121,20
7122,15
7123,0
7126,5
7131,40
7132,5
7134,0
7135,5
7136,0
7137,5
7141,45
7142,0
7151,55
7152,5
7156,10
7157,5
7161,60
7165,5
7201,45
7202,0
7203,55
7204,100
7205,25
7206,30
7207,25
7211,15
7213,25
7214,5
7215,0
7216,0
7217,0
7218,0
7221,5
7223,15
7224,0
7225,0
7226,0
7227,0
7231,20
7232,20
7233,0
7234,0
7241,25
7242,35
7244,5
7245,5
7251,35
7255,15
7256,5
7261,20
7263,5
7271,40
7273,0
7274,0
7275,0
7311,135
7312,80
7313,5
7314,45
7315,30
7316,30
7317,15
7321,25
7322,75
7323,95
7324,5
7325,90
7326,55
7327,40
7328,80
7329,25
7331,115
7332,5
7333,80
7334,20
7335,65
7336,0
7339,10
7341,5
7345,10
7346,0
7348,0
7351,0
7352,0
7361,80
7364,10
7371,30
7381,0
7382,0
7383,0
7384,0
7391,20
7392,0
7395,5
7396,5
7397,0
7399,0
7411,60
7412,95
7413,135
7414,70
7415,150
7416,65
7417,160
7418,10
7419,0
7421,35
7422,10
7423,85
7424,20
7425,40
7426,0
7427,0
7428,0
7429,0
7431,20
7433,25
7434,5
7435,0
7437,15
7439,0
7441,5
7442,40
7443,30
7447,5
7448,0
7451,35
7461,25
7462,40
7463,5
7466,0
7467,0
7468,10
7471,170
7472,0
7475,20
7478,15
7481,30
7482,35
7483,5
7491,40
7495,10
7496,15
7497,5
7511,155
7512,100
7513,150
7514,70
7521,140
7522,100
7523,135
7524,15
7525,0
7531,80
7532,40
7533,70
7534,145
7535,15
7536,0
7541,40
7542,110
7543,50
7544,155
7545,205
7546,55
7547,0
7548,20
7551,40
7552,100
7553,95
7554,10
7555,45
7556,80
7557,80
7558,80
7559,35
7561,0
7562,5
7571,5
7572,30
7573,5
7574,35
7575,0
7576,20
7577,50
7581,25
7582,45
7585,0
7586,25
7587,15
7588,0
7591,75
7595,5
7596,0
7597,10
7601,105
7602,30
7603,25
7604,110
7605,115
7606,200
7607,70
7608,80
7609,90
7610,0
7611,5
7614,0
7615,5
7621,35
7622,45
7623,35
7625,5
7626,0
7627,10
7631,5
7634,5
7635,10
7636,5
7637,0
7638,0
7641,50
7642,20
7645,15
7651,15
7661,0
7662,0
7663,0
7664,0
7665,0
7666,0
7667,0
7668,0
7671,45
7672,0
7675,0
7676,10
7678,15
7679,0
7681,20
7683,10
7685,5
7686,5
7687,5
7688,0
7691,0
7692,0
7693,5
7694,0
7695,0
7696,0
7701,80
7702,10
7705,0
7707,0
7711,85
7715,5
7721,25
7722,40
7731,70
7732,0
7734,0
7735,5
7736,0
7737,10
7738,0
7739,0
7741,65
7742,20
7751,0
7753,0
7754,0
7755,0
7756,0
7761,15
7764,5
7765,5
7766,0
7771,5
7772,30
7773,5
7775,0
7776,15
7777,5
7778,0
7779,0
7781,0
7782,5
7783,5
7784,0
7785,0
7786,0
7787,0
7788,0
7791,0
7792,0
7793,0
7794,0
7795,0
7796,0
7797,5
7798,0
7811,25
7812,85
7813,0
7814,10
7815,35
7821,0
7822,20
7823,85
7824,95
7825,0
7826,10
7827,45
7828,20
7831,15
7833,25
7841,5
7842,0
7843,5
7844,10
7845,0
7846,0
7847,0
7848,5
7849,0
7851,0
7852,0
7853,0
7854,10
7855,0
7856,0
7858,0
7859,0
7861,5
7863,0
7864,0
7871,5
7872,0
7873,0
7874,0
7875,0
7876,20
7877,5
7881,20
7884,20
7885,20
7887,50
7889,0
7891,125
7892,0
7894,30
7895,0
7901,10
7902,85
7903,5
7904,35
7905,30
7906,45
7907,10
7908,60
7909,20
7910,0
7911,0
7912,0
7913,15
7914,5
7915,0
7916,15
7917,10
7918,5
7921,30
7924,5
7925,5
7926,5
7927,0
7928,0
7929,0
7931,5
7932,0
7933,5
7934,0
7935,0
7936,0
7937,0
7938,0
7941,50
7942,40
7943,20
7944,50
7946,10
7948,15
7949,0
7951,80
7954,20
7955,20
7957,5
7958,10
7961,10
7963,10
7964,0
7965,0
7966,0
7971,20
7973,0
7974,0
7975,5
7981,5
7983,0
7984,0
7985,0
7986,0
7991,20
8011,65
8012,40
8013,10
8014,90
8015,10
8016,40
8017,25
8019,10
8021,30
8022,45
8023,40
8024,5
8025,0
8026,5
8028,0
8031,110
8032,70
8033,10
8034,0
8035,0
8041,0
8042,15
8043,140
8044,10
8045,0
8051,25
8052,10
8055,0
8061,30
8064,115
8066,5
8071,70
8072,55
8075,20
8076,0
8077,25
8079,0
8081,90
8082,5
8084,40
8085,30
8091,120
8094,10
8095,10
8096,40
8097,0
8101,20
8102,25
8103,25
8105,5
8106,0
8107,5
8111,10
8112,10
8121,35
8124,5
8131,35
8141,40
8144,5
8146,0
8147,0
8148,5
8151,15
8152,45
8153,0
8154,0
8161,65
8162,50
8166,30
8167,25
8171,20
8172,45
8181,20
8191,25
8193,0
8194,0
8196,5
8198,0
8211,5
8212,65
8218,0
8219,30
8221,0
8222,0
8223,140
8224,125
8225,255
8226,200
8231,70
8232,105
8233,0
8239,0
8241,5
8242,120
8243,185
8244,100
8245,60
8251,160
8252,60
8253,70
8254,10
8255,115
8256,255
8261,70
8262,50
8263,0
8264,0
8265,95
8266,25
8267,10
8271,30
8274,0
8275,5
8276,0
8277,10
8278,0
8281,85
8291,0
8293,0
8294,0
8301,25
8302,110
8303,290
8304,80
8305,5
8307,70
8308,150
8309,35
8311,40
8312,65
8313,35
8314,40
8315,75
8316,45
8317,35
8319,0
8321,65
8322,20
8325,75
8326,35
8331,45
8332,15
8333,5
8334,5
8335,0
8336,0
8337,0
8338,0
8339,0
8341,10
8342,0
8343,5
8344,0
8345,0
8346,10
8347,0
8351,0
8355,10
8356,40
8361,0
8362,0
8363,0
8371,0
8372,0
8373,0
8374,10
8375,15
8376,5
8377,0
8378,0
8381,5
8382,0
8383,0
8384,0
8385,0
8386,0
8387,0
8388,0
8389,0
8391,25
8392,5
8393,0
8394,0
8395,0
8396,0
8397,5
8398,0
8401,35
8403,0
8404,0
8405,0
8406,5
8407,5
8408,0
8409,0
8411,10
8412,5
8413,0
8414,0
8415,0
8421,0
8422,0
8423,0
8424,0
8425,0
8426,35
8427,5
8428,0
8431,60
8432,5
8433,10
8434,5
8435,5
8437,0
8438,5
8439,0
8441,20
8442,45
8443,20
8444,0
8445,15
8446,60
8447,10
8448,40
8449,0
8451,5
8452,0
8453,0
8454,5
8455,0
8456,0
8457,0
8458,0
8459,0
8461,5
8462,0
8463,0
8464,5
8465,10
8466,0
8467,0
8468,5
8469,0
8471,60
8472,10
8474,0
8475,0
8476,0
8477,0
8478,0
8479,0
8481,0
8482,0
8483,5
8484,0
8485,0
8486,0
8487,0
8488,0
8489,0
8491,0
8493,5
8494,5
8495,15
8497,0
8501,60
8502,5
8503,0
8505,0
8506,0
8507,5
8508,0
8511,0
8512,0
8513,5
8514,0
8515,0
8516,0
8517,10
8521,50
8522,0
8523,0
8524,0
8525,5
8526,0
8527,0
8528,0
8529,0
8531,130
8532,10
8534,0
8535,0
8536,15
8537,5
8538,5
8539,0
8541,0
8542,0
8551,0
8552,0
8553,0
8554,0
8556,0
8561,15
8563,0
8564,0
8565,0
8566,0
8567,5
8571,0
8572,0
8573,0
8574,5
8581,0
8582,0
8583,0
8584,0
8601,10
8602,40
8603,15
8604,25
8605,0
8606,5
8607,20
8608,25
8611,0
8612,0
8613,0
8614,0
8615,0
8616,0
8617,0
8618,0
8621,10
8622,5
8623,0
8624,5
8625,0
8626,5
8627,0
8628,0
8629,10
8631,0
8632,0
8633,5
8635,5
8636,0
8637,0
8641,0
8642,5
8644,0
8647,0
8651,5
8658,0
8701,40
8702,5
8711,20
8713,0
8715,5
8721,10
8722,0
8723,10
8724,0
8731,0
8732,0
8733,0
8734,0
8735,0
8736,0
8737,0
8741,5
8742,0
8743,0
8744,0
8745,0
8746,0
8747,0
8748,0
8749,0
8751,0
8752,0
8753,0
8754,10
8755,0
8756,0
8757,0
8758,0
8759,5
8761,0
8762,0
8763,5
8764,0
8765,0
8766,0
8771,0
8772,0
8773,0
8774,0
8775,0
8801,70
8802,40
8804,15
8805,0
8806,5
8807,15
8808,5
8809,0
8811,5
8812,5
8813,0
8814,0
8816,0
8821,5
8822,0
8823,0
8831,0
8832,0
8833,0
8834,5
8835,0
8841,0
8842,0
8843,0
8844,0
8845,0
8851,10
8852,0
8853,0
8854,30
8855,55
8856,0
8857,15
8861,30
8862,95
8871,0
8872,10
8881,15
8882,0
8883,0
8884,0
8885,0
8891,0
8892,0
8893,0
8894,0
8895,0
8896,10
8897,0
8899,30
8911,105
8912,5
8913,20
8914,5
8915,50
8916,20
8917,50
8918,100
8919,10
8921,135
8922,45
8923,35
8924,55
8925,25
8926,40
8927,0
8931,40
8932,60
8933,50
8934,15
8935,40
8936,20
8937,5
8938,0
8939,25
8941,5
9001,10
9003,0
9004,0
9005,10
9006,0
9007,0
9008,5
9009,0
9011,5
9012,0
9013,0
9014,0
9021,5
9022,0
9023,0
9024,0
9025,0
9026,0
9027,5
9031,0
9032,0
9033,0
9034,5
9035,5
9036,15
9037,0
9038,5
9041,55
9043,0
9044,5
9045,5
9047,35
9051,15
9053,0
9054,5
9055,5
9056,0
9057,0
9061,5
9062,0
9063,5
9064,5
9067,0
9071,0
9072,5
9073,5
9074,30
9075,5
9076,40
9077,5
9078,5
9079,35
9081,0
9082,0
9083,0
9084,5
9085,0
9086,0
9087,0
9088,5
9089,5
9091,0
9101,55
9102,5
9103,5
9104,5
9105,0
9106,0
9107,0
9108,0
9109,0
9111,0
9112,0
9113,0
9114,0
9121,0
9122,0
9123,0
9124,0
9125,0
9131,0
9132,10
9133,10
9134,0
9135,0
9136,5
9137,0
9138,0
9141,0
9142,0
9143,0
9144,0
9145,5
9146,0
9147,5
9148,0
9151,20
9152,0
9153,0
9154,0
9155,0
9156,0
9161,0
9162,5
9163,15
9164,10
9166,10
9171,10
9172,5
9173,0
9174,0
9175,0
9176,0
9177,0
9178,0
9201,65
9202,30
9203,45
9204,45
9205,50
9206,0
9207,35
9211,0
9212,0
9213,5
9214,0
9215,0
9216,0
9217,0
9218,0
9219,0
9221,5
9222,5
9223,10
9231,15
9233,5
9241,10
9243,10
9244,5
9245,10
9246,0
9247,10
9248,0
9249,0
9251,5
9254,15
9255,5
9256,5
9257,0
9258,10
9261,0
9262,10
9263,0
9264,0
9265,5
9269,5
9271,20
9281,20
9283,5
9284,5
9285,10
9286,10
9287,0
9288,15
9289,5
9291,25
9292,0
9293,0
9294,0
9295,0
9296,0
9297,0
9298,0
9299,0
9301,45
9302,15
9304,0
9305,0
9306,0
9307,5
9311,0
9312,5
9313,15
9314,0
9315,0
9321,10
9331,10
9333,0
9334,0
9335,0
9336,0
9337,0
9341,10
9342,0
9343,0
9351,100
9354,10
9355,0
9356,25
9359,0
9361,0
9362,0
9363,45
9364,0
9365,0
9366,0
9367,10
9401,35
9402,45
9403,65
9404,50
9405,45
9406,85
9407,80
9408,40
9409,0
9411,30
9412,5
9413,10
9414,10
9415,10
9416,0
9417,0
9418,0
9419,5
9421,10
9422,15
9423,10
9431,20
9432,0
9433,0
9434,0
9435,0
9436,0
9437,0
9438,0
9439,0
9441,5
9442,5
9443,5
9444,0
9445,0
9446,0
9447,0
9448,0
9449,0
9451,5
9452,0
9453,0
9454,0
9455,0
9456,0
9457,0
9458,0
9459,0
9461,25
9462,0
9463,0
9464,0
9465,0
9466,5
9467,0
9468,15
9469,0
9471,15
9472,5
9473,0
9474,0
9475,0
9479,0
9481,15
9482,5
9483,0
9484,0
9485,5
9486,0
9487,0
9488,0
9489,0
9491,5
9492,0
9493,0
9494,0
9495,0
9496,0
9497,0
9501,60
9502,30
9503,35
9511,0
9512,10
9514,10
9515,0
9521,25
9523,0
9524,0
9525,0
9526,0
9527,0
9528,5
9531,20
9533,10
9534,0
9535,0
9536,0
9537,0
9541,5
9545,5
9551,0
9561,50
9563,5
9564,0
9566,5
9571,5
9573,0
9574,0
9581,35
9584,0
9585,0
9591,15
9601,100
9602,90
9603,15
9605,0
9606,10
9607,10
9608,25
9609,0
9611,55
9613,0
9615,0
9616,5
9617,20
9618,0
9619,0
9621,10
9623,0
9624,0
9625,5
9626,15
9627,0
9628,10
9629,0
9631,0
9632,0
9633,0
9635,5
9636,20
9641,40
9642,75
9644,10
9645,40
9646,5
9648,30
9649,15
9651,5
9654,5
9655,0
9656,0
9657,0
9658,0
9659,0
9661,5
9663,30
9665,95
9671,25
9672,20
9673,45
9674,35
9675,65
9677,5
9678,20
9679,20
9681,10
9682,5
9684,15
9685,0
9686,20
9687,5
9688,10
9691,0
9693,30
9695,35
9696,0
9697,15
9698,0
9699,5
9711,140
9712,140
9713,140
9714,80
9715,150
9716,50
9717,95
9718,135
9721,125
9722,95
9723,80
9724,65
9725,70
9726,80
9727,55
9728,90
9731,55
9732,50
9733,25
9734,30
9735,5
9736,75
9737,70
9738,5
9741,125
9742,115
9743,120
9744,40
9745,25
9746,35
9747,0
9749,0
9751,5
9752,40
9753,10
9755,5
9756,0
9761,15
9765,10
9766,15
9771,0
9773,0
9774,5
9781,30
9784,0
9785,5
9791,5
9792,5
9793,0
9794,0
9795,0
9796,0
9797,0
9798,0
9801,30
9804,5
9805,5
9811,0
9812,0
9821,0
9822,0
9824,15
9825,0
9827,0
9828,15
9831,25
9832,0
9833,0
9841,0
9842,0
9843,5
9844,0
9845,0
9851,5
9852,0
9853,0
9861,25
9862,0
9863,10
9864,10
9865,10
9866,5
9871,0
9872,0
9873,5
9881,5
9882,0
9883,0
9884,0
9885,0
9886,0
9891,0
9892,0
9893,0
9901,10
9902,15
9903,5
9904,0
9905,10
9906,5
9907,0
9908,0
9909,10
9911,0
9912,0
9913,0
9914,5
9915,5
9917,0
9918,0
9919,0
9921,0
9922,0
9923,0
9924,0
9925,0
9931,20
9932,40
9933,30
9934,70
9936,10
9937,0
9939,0
9942,0
9943,0
9944,10
9945,0
9946,15
9947,0
9948,5
9949,0
9951,10
9953,5
9954,0
9955,0
9956,0
9957,0
9959,0
9961,0
9962,0
9963,5
9964,5
9965,10
9966,0
9967,5
9968,0
9969,0
9971,5
9972,0
9973,0
9974,10
9975,0
9976,0
9977,0
9978,0
9979,0
9981,30
9982,30
9983,10
9984,0
9985,0
9986,0
9987,0
9988,15
9989,5
9991,5
9992,0
9993,0
9994,0
9995,5
9996,0
9997,0
9998,5
9999,0
